
{
    "items": [
      {
        "sys": { "id": "1" },
        "fields": {
          "title": "name of product",
          "price": 0.99,
          "image": { "fields": { "file": { "url": "https://via.placeholder.com/100" } } }
        }
      },
      {
        "sys": { "id": "2" },
        "fields": {
          "title": "name of product",
          "price":  0.99,
          "image": { "fields": { "file": { "url": "https://via.placeholder.com/100" } } }
        }
      },
      {
        "sys": { "id": "3" },
        "fields": {
          "title": "name of product",
          "price":  0.99,
          "image": { "fields": { "file": { "url": "https://via.placeholder.com/100" } } }
        }
      },
      {
        "sys": { "id": "4" },
        "fields": {
          "title": "name of product",
          "price":  0.99,
          "image": { "fields": { "file": { "url": "https://via.placeholder.com/100" } } }
        }
      },
      {
        "sys": { "id": "5" },
        "fields": {
          "title": "name of product",
          "price":  0.99,
          "image": { "fields": { "file": { "url": "https://via.placeholder.com/100" } } }
        }
      },
      {
        "sys": { "id": "6" },
        "fields": {
          "title": "name of product",
          "price":  0.99,
          "image": { "fields": { "file": { "url": "https://via.placeholder.com/100" } } }
        }
      },
      {
        "sys": { "id": "7" },
        "fields": {
          "title": "name of product",
          "price":  0.99,
          "image": { "fields": { "file": { "url": "https://via.placeholder.com/100" } } }
        }
      },
      {
        "sys": { "id": "8" },
        "fields": {
          "title": "name of product",
          "price":  0.99,
          "image": { "fields": { "file": { "url": "https://via.placeholder.com/100" } } }
        }
      }
    ]
  }
  